SET IDENTITY_INSERT  Products ON;

insert into Products (product_id,product_title,quantity,manufacturer_id,description,sort_order,full_product_title, productType_id,subProductType_id,country) values
(10,N'Fenix Ultra CM 150 Вт/м кв',1,2,N'Ультратонкий нагревательный мат для укладки в плиточный клей для плитки или самовыравнивающую смесь. За счет толщины кабеля 2.7 мм необходимо в 1.5 раза меньше плиточного клея, чем при укладке стандартного мата. Монтируется на готовую стяжку, утапливается в клеевой раствор для плитки. Рекомендется, чтобы плиточный клей имел минимальное количество воздушных пустот.',1,N'Ультратонкий нагревательный мат двужильный Fenix Ultra CM 150 Вт/м кв. для укладки под плитку',1,11,N'Чехия'),
(11,N'Fenix LDTS M 160 Вт/м кв',1,2,N'Нагревательный мат для укладки под плитку. Монтируется на готовую стяжку, утапливается в клеевой раствор для плитки или самовырвнивающую смесь. Рекомендется, чтобы плиточный клей имел минимальное количество воздушных пустот.',1,N'Нагревательный мат Fenix LDTS M 160 Вт/м кв. для укладки под плитку (метрическая линейка, импортируем эксклюзивно)',1,11,N'Чехия'),
(12,N'Fenix LDTS 160 Вт/м кв',1,2,N'Нагревательный мат для укладки под плитку. Монтируется на готовую стяжку, утапливается в клеевой раствор для плитки или самовырвнивающую смесь. Рекомендется, чтобы плиточный клей имел минимальное количество воздушных пустот.',1,N'Нагревательный мат Fenix LDTS M 160 Вт/м кв. для укладки под плитку ',1,11,N'Чехия'),
(13,N'Fenix ADSV 10 Вт/м',1,2,N'Тонкий кабель для укладки под плитку. Монтаж производится на готовую стяжку под напольное покрытие в клеевой раствор или самовыравнивающую смесь. За счет различного шага укладки этот кабель можно использовать как для полноценного отопления (до 250 Вт/м.кв.), так и для укладки под деревянные напольные покрытия (100 Вт/м.кв.). Кабель утапливается в клеевой раствор, не повышая высоту пола. Перед залитием стяжки рекомендуется укладывать теплоизолятор. Имеет два преимущества над кабелем для укладки в стяжку: 1) более быстрый прогрев пола (незначительно экономичнее); 2) более простой монтаж. ',1,N'Тонкий нагревательный кабель двужильный Fenix ADSV 10 Вт/м для укладки в плиточный клей (импортируем эксклюзивно)',1,11,N'Чехия'),
(14,N'Fenix ADSV 18 Вт/м',1,2,N'Кабель для теплого пола используются для укладки в стяжку 3-8 см. Перед укладкой кабеля необходимо укладывать теплоизолятор (рекомендуется экструдированный пенополистирол от 2 см, в крайнем случае подложку для ламината 5 мм). Кабель не рекомендуется укладывать напрямую на теплоизолятор. Теплоизолятор необходимо залить черновой стяжкой, в крайнем случае покласть сверху металлическую сетку (армированную или просечно-вытяжную). В случае укладки сетки необходимо оставить пространство между кабелем и теплоизолятором, чтобы при залитии жидким раствором для стяжки заполнить данное пространство смесью. Стяжка должна быть с минимальным количеством воздушных пустот.',1,N'Универсальный нагревательный кабель двужильный Fenix ADSV 18 Вт/м для укладки в стяжку ',1,12,N'Чехия'),
(15,N'Fenix ASL1P 18 Вт/м',1,2,N'Кабель для теплого пола используются для укладки в стяжку 3-8 см. Перед укладкой кабеля необходимо укладывать теплоизолятор (рекомендуется экструдированный пенополистирол от 2 см, в крайнем случае подложку для ламината 5 мм). Кабель не рекомендуется укладывать напрямую на теплоизолятор. Теплоизолятор необходимо залить черновой стяжкой, в крайнем случае покласть сверху металлическую сетку (армированную или просечно-вытяжную). В случае укладки сетки необходимо оставить пространство между кабелем и теплоизолятором, чтобы при залитии жидким раствором для стяжки заполнить данное пространство смесью. Стяжка должна быть с минимальным количеством воздушных пустот.',1,N'Универсальный нагревательный кабель одножильный Fenix ASL1P 18 Вт/м для укладки в стяжку (импортируем эксклюзивно)',1,12,N'Чехия'),
(16,N'Fenix',1,2,N'Алюминиевые маты используются для укладки под ламинат, паркетную доску, линолеум и ковролин. За счет фольгированного основания тепло равномерно распределяется вдоль поверхности. Мощность 140 Вт/м не позволяет осуществлять быстрый нагрев. При использовании с паркетной доской необходимо поставить максимальный предел температуры на термостате 24 С, а также не нагревать (охлаждать) паркетную доску более, чем на 2 С за 12 часов. ',1,N'Алюминиевые маты Fenix для укладки под ламинат и паркетную доску (монтаж на подложку, импортируем эксклюзивно)',1,13,N'Чехия'),
(17,N'Fenix ADPSV 30 Вт/м',1,2,N'Ультратонкий нагревательный мат для укладки в плиточный клей для плитки или самовыравнивающую смесь. За счет толщины кабеля 2.7 мм необходимо в 1.5 раза меньше плиточного клея, чем при укладке стандартного мата. Монтируется на готовую стяжку, утапливается в клеевой раствор для плитки. Рекомендется, чтобы плиточный клей имел минимальное количество воздушных пустот.',1,N'Нагревательный кабель двужильный ADPSV 30 Вт/м для наружного обогрева (обогрев кровли, водостоков, наружных площадей, импортируем эксклюзивно)',3,null,N'Чехия'),
(18,N'Fenix ADPSV 30 Вт/м',1,2,N'Ультратонкий нагревательный мат для укладки в плиточный клей для плитки или самовыравнивающую смесь. За счет толщины кабеля 2.7 мм необходимо в 1.5 раза меньше плиточного клея, чем при укладке стандартного мата. Монтируется на готовую стяжку, утапливается в клеевой раствор для плитки. Рекомендется, чтобы плиточный клей имел минимальное количество воздушных пустот.',1,N'Нагревательный кабель двужильный ADPSV 30 Вт/м для наружного обогрева (обогрев кровли, водостоков, наружных площадей, импортируем эксклюзивно)',4,null,N'Чехия')


SET IDENTITY_INSERT  Products OFF;

insert into Images values 
(10,'../../../assets/images/FENIX/FenixUltraCM.jpg',1),
(11,'../../../assets/images/FENIX/FenixUltraLTDSM.jpg',1),
(12,'../../../assets/images/FENIX/FenixUltraLTDS.jpg',1),
(13,'../../../assets/images/FENIX/FenixAD.JPG',1),
(14,'../../../assets/images/FENIX/FenixAD.JPG',1),
(15,'../../../assets/images/FENIX/FenixAD.JPG',1),
(16,'../../../assets/images/FENIX/Fenix.jpg',1),
(17,'../../../assets/images/FENIX/FenixAD.JPG',1),
(18,'../../../assets/images/FENIX/FenixAD.JPG',1)


--Fenix Ultra CM 150 Вт/м кв

insert into ProductOptions(product_id,power,layingArea,wireLength,matLength,price)values
(10,150,1.00,null,2,4544),
(10,225,1.50,null,3,5329),
(10,300,2.00,null,4,7910),
(10,375,2.50,null,5,8640),
(10,450,3.00,null,6,10042),
(10,525,3.50,null,7,10759),
(10,600,4.00,null,8,13352),
(10,675,4.50,null,9,13871),
(10,750,5.00,null,10,14923),
(10,900,6.00,null,12,16157),
(10,1050,7.00,null,14,17222),
(10,1200,8.00,null,16,18401),
(10,1350,9.00,null,18,23808),
(10,1500,10.00,null,20,25925),
(10,1800,12.00,null,24,29088),
(10,2250,15.00,null,30,34143)


--Fenix LDTS M 160 Вт/м кв
insert into ProductOptions(product_id,power,layingArea,wireLength,matLength,price)values
(11,80,0.50,null,1,2746),
(11,160,1.00,null,2,3679),
(11,240,1.50,null,3,5410),
(11,320,2.00,null,4,6645),
(11,400,2.50,null,5,7305),
(11,480,3.00,null,6,8760),
(11,560,3.50,null,7,9254),
(11,640,4.00,null,8,11507),
(11,800,5.00,null,10,13208),
(11,960,6.00,null,12,16641),
(11,1120,7.00,null,14,16834),
(11,1280,8.00,null,16,17959),
(11,1600,10.00,null,20,19553),
(11,1920,12.00,null,24,24083)

--Fenix LDTS 160 Вт/м кв

insert into ProductOptions(product_id,power,layingArea,wireLength,matLength,price)values
(12,70,0.50,null,0.9,2831),
(12,130,0.80,null,1.6,3161),
(12,210,1.30,null,2.6,4454),
(12,260,1.60,null,3.2,5388),
(12,340,2.10,null,4.2,6653),
(12,410,2.60,null,5.2,7396),
(12,500,3.00,null,6.1,8715),
(12,560,3.35,null,6.7,9429),
(12,670,4.15,null,8.3,11573),
(12,810,5.10,null,10.2,13196),
(12,1000,6.15,null,12.3,16495),
(12,1210,7.55,null,15.1,19683),
(12,1400,8.80,null,17.6,19767),
(12,1800,11.00,null,22,24000),
(12,2150,13.30,null,26.6,31890),
(12,2600,16.30,null,32.5,41842)

--Fenix ADSV 10 Вт/м


insert into ProductOptions(product_id,power,layingArea,wireLength,matLength,price)values
(13,120,1.14,11.4,null,2733),
(13,200,1.42,18.9,null,3405),
(13,250,1.77,23.6,null,3981),
(13,320,2.37,31.6,null,4641),
(13,400,2.77,36.9,null,4998),
(13,450,3.44,45.9,null,5877),
(13,520,3.72,49.6,null,6152),
(13,600,4.79,63.9,null,7964),
(13,750,5.69,75.8,null,8348),
(13,950,6.53,87,null,9968),
(13,1100,8.59,114.5,null,12275),
(13,1300,9.85,131.3,null,13812),
(13,1700,11.89,158.5,null,16696),
(13,2000,14.59,194.5,null,22106)

--Fenix ADSV 18 Вт/м

insert into ProductOptions(product_id,power,layingArea,wireLength,matLength,price)values
(14,160,1.36,8.5,null,2529),
(14,260,2.32,14.5,null,3075),
(14,320,2.96,18.5,null,3543),
(14,420,3.84,24,null,4009),
(14,520,4.54,28.4,null,4284),
(14,600,5.50,34.4,null,4888),
(14,680,6.06,37.9,null,5162),
(14,830,7.38,46.1,null,6288),
(14,1000,9.20,57.5,null,6810),
(14,1200,11.02,68.9,null,8430),
(14,1500,13.31,83.2,null,9474),
(14,1700,16.06,100.4,null,11809),
(14,2200,19.55,122.2,null,13346),
(14,2600,23.94,149.6,null,17438)

--Fenix ASL1P 18 Вт/м

insert into ProductOptions(product_id,power,layingArea,wireLength,matLength,price)values
(15,210,1.90,11.9,null,2468),
(15,350,3.15,19.7,null,2993),
(15,450,3.84,24,null,3323),
(15,570,5.20,32.5,null,4009),
(15,820,7.36,46,null,5328),
(15,1100,10.19,63.7,null,6206),
(15,1400,11.95,74.7,null,6316),
(15,2000,18.27,114.2,null,8348),
(15,2400,20.82,130.1,null,9227),
(15,3000,26.34,164.6,null,11753)

--Fenix

insert into ProductOptions(product_id,power,layingArea,wireLength,matLength,price)values
(16,140,1.00,null,2,4792),
(16,210,1.50,null,3,6389),
(16,280,2.00,null,4,7628),
(16,420,3.00,null,6,10542),
(16,560,4.00,null,8,13242),
(16,700,5.00,null,10,15091),
(16,840,6.00,null,12,18073),
(16,980,7.00,null,14,22651),
(16,1120,8.00,null,16,23919),
(16,1260,9.00,null,18,27027),
(16,1400,10.00,null,20,28808)

--Fenix ADPSV 30 Вт/м

insert into ProductOptions(product_id,power,layingArea,wireLength,matLength,price)values
(17,195,0.84,7,null,3213),
(17,340,1.32,11,null,3872),
(17,420,1.68,14,null,4229),
(17,560,2.16,18,null,4778),
(17,670,2.64,22,null,5135),
(17,800,3.12,26,null,5657),
(17,970,3.84,32,null,6810),
(17,1060,4.32,36,null,7689),
(17,1300,5.28,44,null,8211),
(17,1600,6.24,52,null,9611),
(17,1940,7.80,65,null,10930),
(17,2250,9.12,76,null,12577),
(17,2800,11.52,96,null,15790),
(17,3400,13.68,114,null,19662)
--Fenix ADPSV 30 Вт/мproduct_idpowerlayingAreawireLengthmatLengthprice
insert into ProductOptions(product_id,power,layingArea,wireLength,matLength,price)values
(18,195,0.84,7,null,3213),
(18,340,1.32,11,null,3872),
(18,420,1.68,14,null,4229),
(18,560,2.16,18,null,4778),
(18,670,2.64,22,null,5135),
(18,800,3.12,26,null,5657),
(18,970,3.84,32,null,6810),
(18,1060,4.32,36,null,7689),
(18,1300,5.28,44,null,8211),
(18,1600,6.24,52,null,9611),
(18,1940,7.80,65,null,10930),
(18,2250,9.12,76,null,12577),
(18,2800,11.52,96,null,15790),
(18,3400,13.68,114,null,19662)


insert into ProductAttributes values(10,N'Технические характеристики',N'Мощность удельная ',N'150 Вт/м кв.'),
(10,N'Технические характеристики',N'Мощность кабеля погонная ',N'около 10 Вт/м'),
(10,N'Технические характеристики',N'Шаг укладки кабеля на сетке ',N'0.065 м'),
(10,N'Технические характеристики',N'Питающий провод ',N'2.5 м'),
(10,N'Технические характеристики',N'Соединение нагревательного и питающего проводов ',N'муфтовое'),
(10,N'Технические характеристики',N'Наружная изоляция ',N'ПВДФ-фторопаст (темп. плавления 170 C)'),
(10,N'Технические характеристики',N'Внутрення изоляция ',N'фторопласт (темп. плавления 250 С)'),
(10,N'Технические характеристики',N'Диаметр нагревательного кабеля ',N'около 2.7 мм'),
(10,N'Технические характеристики',N'Гарантия',N'пожизненна от производителя'),
(10,N'Технические характеристики',N'Ширина мата',N' 0.5 м')

insert into ProductAttributes values(11,N'Технические характеристики',N'Мощность удельная ',N'160 Вт/м кв.'),
(11,N'Технические характеристики',N'Мощность кабеля погонная ',N'12 Вт/м'),
(11,N'Технические характеристики',N'Шаг укладки кабеля на сетке ',N'0.075 м'),
(11,N'Технические характеристики',N'Питающий провод ',N'3 м'),
(11,N'Технические характеристики',N'Соединение нагревательного и питающего проводов ',N'муфтовое'),
(11,N'Технические характеристики',N'Наружная изоляция ',N'ПВДФ-фторопаст (темп. плавления 105 C)'),
(11,N'Технические характеристики',N'Внутрення изоляция ',N'фторопласт (темп. плавления 250 С)'),
(11,N'Технические характеристики',N'Диаметр нагревательного кабеля ',N'около 4 мм'),
(11,N'Технические характеристики',N'Гарантия',N'пожизненна от производителя'),
(11,N'Технические характеристики',N'Ширина мата',N' 0.5 м')

insert into ProductAttributes values(11,N'Технические характеристики',N'Мощность удельная ',N'160 Вт/м кв.'),
(11,N'Технические характеристики',N'Мощность кабеля погонная ',N'до 7.6 м кв. - 12 Вт/м, после 8.8 м кв. - 18 Вт/м'),
(11,N'Технические характеристики',N'Шаг укладки кабеля на сетке ',N'до 7.6 м кв. - 0.075 м, после 8.8 м кв. - 0.11 м'),
(11,N'Технические характеристики',N'Питающий провод ',N'3 м'),
(11,N'Технические характеристики',N'Соединение нагревательного и питающего проводов ',N'муфтовое'),
(11,N'Технические характеристики',N'Наружная изоляция ',N'ПВДФ-фторопаст (темп. плавления 105 C)'),
(11,N'Технические характеристики',N'Внутрення изоляция ',N'фторопласт (темп. плавления 250 С)'),
(11,N'Технические характеристики',N'Диаметр нагревательного кабеля ',N'около 3.5 мм'),
(11,N'Технические характеристики',N'Гарантия',N'пожизненна от производителя'),
(11,N'Технические характеристики',N'Ширина мата',N' 0.5 м')

insert into ProductAttributes values(13,N'Технические характеристики',N'Мощность кабеля погонная',N'около 10 Вт/м'),
(13,N'Технические характеристики',N'Питающий провод ',N'3 м'),
(13,N'Технические характеристики',N'Соединение нагревательного и питающего проводов ',N'муфтовое'),
(13,N'Технические характеристики',N'Наружная изоляция ',N'ПВХ (темп. плавления 105 C)'),
(13,N'Технические характеристики',N'Внутрення изоляция ',N'фторопласт (темп. плавления 250 С)'),
(13,N'Технические характеристики',N'Диаметр нагревательного кабеля ',N'около 4.2 мм'),
(13,N'Технические характеристики',N'Гарантия',N'пожизненна от производителя')

insert into ProductAttributes values(14,N'Технические характеристики',N'Мощность кабеля погонная',N'около 18 Вт/м'),
(14,N'Технические характеристики',N'Питающий провод ',N'3 м'),
(14,N'Технические характеристики',N'Соединение нагревательного и питающего проводов ',N'муфтовое'),
(14,N'Технические характеристики',N'Наружная изоляция ',N'ПВХ (темп. плавления 105 C)'),
(14,N'Технические характеристики',N'Внутрення изоляция ',N'фторопласт (темп. плавления 250 С)'),
(14,N'Технические характеристики',N'Диаметр нагревательного кабеля ',N'около 4.2 мм'),
(14,N'Технические характеристики',N'Гарантия',N'пожизненна от производителя')

insert into ProductAttributes values(15,N'Технические характеристики',N'Мощность кабеля погонная',N'около 10 Вт/м'),
(15,N'Технические характеристики',N'Питающий провод ',N'2.5 м'),
(15,N'Технические характеристики',N'Соединение нагревательного и питающего проводов ',N'муфтовое'),
(15,N'Технические характеристики',N'Наружная изоляция ',N'ПВХ (темп. плавления 105 C)'),
(15,N'Технические характеристики',N'Внутрення изоляция ',N'фторопласт (темп. плавления 250 С)'),
(15,N'Технические характеристики',N'Диаметр нагревательного кабеля ',N'около 4.2 мм'),
(15,N'Технические характеристики',N'Гарантия',N'пожизненна от производителя')


insert into ProductAttributes values(16,N'Технические характеристики',N'Мощность кабеля удельная',N'140 Вт/м кв.'),
(16,N'Технические характеристики',N'Мощность кабеля погонная',N'около 9 Вт/м'),
(16,N'Технические характеристики',N'Шаг укладки кабеля на сетке',N'0.06 м'),
(16,N'Технические характеристики',N'Питающий провод ',N'2.5 м'),
(16,N'Технические характеристики',N'Соединение нагревательного и питающего проводов ',N'муфтовое'),
(16,N'Технические характеристики',N'Наружная изоляция ',N'фторопласт (темп. плавления 250 С)'),
(16,N'Технические характеристики',N'Внутрення изоляция ',N'фторопласт (темп. плавления 250 С)'),
(16,N'Технические характеристики',N'Диаметр нагревательного кабеля ',N'около 1.7 мм'),
(16,N'Технические характеристики',N'Гарантия',N'пожизненна от производителя')

insert into ProductAttributes values(17,N'Технические характеристики',N'Мощность кабеля погонная',N'30 Вт/м'),
(17,N'Технические характеристики',N'Питающий провод ',N'5 м'),
(17,N'Технические характеристики',N'Соединение нагревательного и питающего проводов ',N'муфтовое'),
(17,N'Технические характеристики',N'Наружная изоляция ',N'фторопласт (темп. плавления 250 С)'),
(17,N'Технические характеристики',N'Внутрення изоляция ',N'фторопласт (темп. плавления 250 С) + полиэтилен (дополнительная изоляция)'),
(17,N'Технические характеристики',N'Диаметр нагревательного кабеля ',N'6 мм'),
(17,N'Технические характеристики',N'Гарантия',N'пожизненна от производителя')

insert into ProductAttributes values(18,N'Технические характеристики',N'Мощность кабеля погонная',N'30 Вт/м'),
(18,N'Технические характеристики',N'Питающий провод ',N'5 м'),
(18,N'Технические характеристики',N'Соединение нагревательного и питающего проводов ',N'муфтовое'),
(18,N'Технические характеристики',N'Наружная изоляция ',N'фторопласт (темп. плавления 250 С)'),
(18,N'Технические характеристики',N'Внутрення изоляция ',N'фторопласт (темп. плавления 250 С) + полиэтилен (дополнительная изоляция)'),
(18,N'Технические характеристики',N'Диаметр нагревательного кабеля ',N'6 мм'),
(18,N'Технические характеристики',N'Гарантия',N'пожизненна от производителя')



